[
    {
        "amount": 3310,
        "term": 11,
        "date": "2023-03-20",
        "time": "23:38:38",
        "borrower_id": "R9082"
    },
    {
        "amount": 6725,
        "term": 24,
        "date": "2023-03-17",
        "time": "19:44:09",
        "borrower_id": "U1404"
    },
    {
        "amount": 4907,
        "term": 4,
        "date": "2023-03-18",
        "time": "21:08:12",
        "borrower_id": "M9724"
    },
    {
        "amount": 4539,
        "term": 59,
        "date": "2023-03-18",
        "time": "11:50:13",
        "borrower_id": "M9724"
    },
    {
        "amount": 6563,
        "term": 4,
        "date": "2023-03-18",
        "time": "16:54:01",
        "borrower_id": "O9770"
    },
    {
        "amount": 4462,
        "term": 19,
        "date": "2023-03-18",
        "time": "17:11:50",
        "borrower_id": "Z6887"
    },
    {
        "amount": 4440,
        "term": 30,
        "date": "2023-03-21",
        "time": "06:22:47",
        "borrower_id": "R3109"
    },
    {
        "amount": 9558,
        "term": 2,
        "date": "2023-03-20",
        "time": "02:21:30",
        "borrower_id": "C0008"
    },
    {
        "amount": 1021,
        "term": 29,
        "date": "2023-03-21",
        "time": "18:10:58",
        "borrower_id": "G0397"
    },
    {
        "amount": 322,
        "term": 59,
        "date": "2023-03-18",
        "time": "02:28:49",
        "borrower_id": "N9595"
    },
    {
        "amount": 1577,
        "term": 29,
        "date": "2023-03-19",
        "time": "12:26:43",
        "borrower_id": "Q3915"
    },
    {
        "amount": 2931,
        "term": 56,
        "date": "2023-03-20",
        "time": "22:37:04",
        "borrower_id": "V1086"
    },
    {
        "amount": 9516,
        "term": 36,
        "date": "2023-03-20",
        "time": "06:19:23",
        "borrower_id": "W2671"
    },
    {
        "amount": 4167,
        "term": 53,
        "date": "2023-03-19",
        "time": "16:00:38",
        "borrower_id": "P3471"
    },
    {
        "amount": 2150,
        "term": 29,
        "date": "2023-03-16",
        "time": "08:26:21",
        "borrower_id": "V8103"
    },
    {
        "amount": 6238,
        "term": 35,
        "date": "2023-03-20",
        "time": "05:55:14",
        "borrower_id": "L4307"
    },
    {
        "amount": 4100,
        "term": 53,
        "date": "2023-03-20",
        "time": "21:55:10",
        "borrower_id": "I9221"
    },
    {
        "amount": 3602,
        "term": 18,
        "date": "2023-03-18",
        "time": "15:58:04",
        "borrower_id": "Z9662"
    },
    {
        "amount": 9813,
        "term": 55,
        "date": "2023-03-17",
        "time": "17:13:31",
        "borrower_id": "W8583"
    },
    {
        "amount": 695,
        "term": 44,
        "date": "2023-03-20",
        "time": "12:46:16",
        "borrower_id": "N2082"
    },
    {
        "amount": 3994,
        "term": 13,
        "date": "2023-03-19",
        "time": "12:26:54",
        "borrower_id": "F8849"
    },
    {
        "amount": 4271,
        "term": 2,
        "date": "2023-03-18",
        "time": "18:45:55",
        "borrower_id": "N8538"
    },
    {
        "amount": 5386,
        "term": 50,
        "date": "2023-03-21",
        "time": "22:41:09",
        "borrower_id": "R2108"
    },
    {
        "amount": 5957,
        "term": 40,
        "date": "2023-03-19",
        "time": "15:06:59",
        "borrower_id": "W2439"
    },
    {
        "amount": 3981,
        "term": 49,
        "date": "2023-03-21",
        "time": "00:49:45",
        "borrower_id": "B3994"
    },
    {
        "amount": 6187,
        "term": 37,
        "date": "2023-03-21",
        "time": "15:11:56",
        "borrower_id": "L4312"
    },
    {
        "amount": 607,
        "term": 35,
        "date": "2023-03-20",
        "time": "09:13:11",
        "borrower_id": "O3453"
    },
    {
        "amount": 1455,
        "term": 18,
        "date": "2023-03-20",
        "time": "06:00:47",
        "borrower_id": "H0586"
    },
    {
        "amount": 1910,
        "term": 2,
        "date": "2023-03-21",
        "time": "17:43:57",
        "borrower_id": "W3007"
    },
    {
        "amount": 7863,
        "term": 27,
        "date": "2023-03-21",
        "time": "16:54:01",
        "borrower_id": "V3329"
    },
    {
        "amount": 7632,
        "term": 21,
        "date": "2023-03-16",
        "time": "08:45:21",
        "borrower_id": "J4848"
    },
    {
        "amount": 8612,
        "term": 39,
        "date": "2023-03-20",
        "time": "12:18:53",
        "borrower_id": "L6573"
    },
    {
        "amount": 4511,
        "term": 44,
        "date": "2023-03-16",
        "time": "14:04:22",
        "borrower_id": "J4077"
    },
    {
        "amount": 5757,
        "term": 49,
        "date": "2023-03-20",
        "time": "19:18:42",
        "borrower_id": "D9441"
    },
    {
        "amount": 2222,
        "term": 51,
        "date": "2023-03-19",
        "time": "20:02:36",
        "borrower_id": "P8618"
    },
    {
        "amount": 7653,
        "term": 14,
        "date": "2023-03-17",
        "time": "00:33:55",
        "borrower_id": "E9202"
    },
    {
        "amount": 1807,
        "term": 33,
        "date": "2023-03-21",
        "time": "18:46:48",
        "borrower_id": "Z1457"
    },
    {
        "amount": 4159,
        "term": 35,
        "date": "2023-03-16",
        "time": "17:07:46",
        "borrower_id": "W5767"
    },
    {
        "amount": 6241,
        "term": 53,
        "date": "2023-03-20",
        "time": "04:32:39",
        "borrower_id": "R5365"
    },
    {
        "amount": 521,
        "term": 38,
        "date": "2023-03-18",
        "time": "03:34:19",
        "borrower_id": "Y2069"
    },
    {
        "amount": 6996,
        "term": 8,
        "date": "2023-03-18",
        "time": "17:43:20",
        "borrower_id": "J6526"
    },
    {
        "amount": 9256,
        "term": 7,
        "date": "2023-03-18",
        "time": "08:52:58",
        "borrower_id": "M7221"
    },
    {
        "amount": 4576,
        "term": 8,
        "date": "2023-03-18",
        "time": "01:12:10",
        "borrower_id": "L2937"
    },
    {
        "amount": 9190,
        "term": 46,
        "date": "2023-03-16",
        "time": "01:27:24",
        "borrower_id": "E4161"
    },
    {
        "amount": 7602,
        "term": 36,
        "date": "2023-03-18",
        "time": "14:15:46",
        "borrower_id": "Z4089"
    },
    {
        "amount": 3755,
        "term": 23,
        "date": "2023-03-20",
        "time": "14:47:28",
        "borrower_id": "B6965"
    },
    {
        "amount": 3289,
        "term": 11,
        "date": "2023-03-18",
        "time": "17:12:16",
        "borrower_id": "V1297"
    },
    {
        "amount": 1823,
        "term": 44,
        "date": "2023-03-17",
        "time": "18:14:15",
        "borrower_id": "A6123"
    },
    {
        "amount": 5498,
        "term": 40,
        "date": "2023-03-18",
        "time": "11:14:03",
        "borrower_id": "S7948"
    },
    {
        "amount": 9109,
        "term": 50,
        "date": "2023-03-16",
        "time": "00:56:33",
        "borrower_id": "E7404"
    },
    {
        "amount": 4317,
        "term": 11,
        "date": "2023-03-21",
        "time": "22:38:13",
        "borrower_id": "Z1457"
    },
    {
        "amount": 6443,
        "term": 22,
        "date": "2023-03-18",
        "time": "13:16:07",
        "borrower_id": "Z9662"
    },
    {
        "amount": 9419,
        "term": 37,
        "date": "2023-03-17",
        "time": "03:28:02",
        "borrower_id": "E9202"
    },
    {
        "amount": 5975,
        "term": 33,
        "date": "2023-03-21",
        "time": "09:37:23",
        "borrower_id": "L4312"
    },
    {
        "amount": 5066,
        "term": 25,
        "date": "2023-03-18",
        "time": "20:05:13",
        "borrower_id": "B6965"
    },
    {
        "amount": 6731,
        "term": 33,
        "date": "2023-03-19",
        "time": "03:30:21",
        "borrower_id": "Y2069"
    },
    {
        "amount": 9441,
        "term": 35,
        "date": "2023-03-20",
        "time": "06:04:10",
        "borrower_id": "V3329"
    },
    {
        "amount": 9175,
        "term": 43,
        "date": "2023-03-17",
        "time": "12:03:22",
        "borrower_id": "V8103"
    },
    {
        "amount": 1514,
        "term": 1,
        "date": "2023-03-17",
        "time": "01:51:40",
        "borrower_id": "E9202"
    },
    {
        "amount": 4482,
        "term": 32,
        "date": "2023-03-21",
        "time": "07:15:30",
        "borrower_id": "N9595"
    },
    {
        "amount": 6152,
        "term": 56,
        "date": "2023-03-20",
        "time": "01:59:08",
        "borrower_id": "H0586"
    },
    {
        "amount": 7836,
        "term": 2,
        "date": "2023-03-20",
        "time": "04:31:29",
        "borrower_id": "H0586"
    },
    {
        "amount": 3746,
        "term": 19,
        "date": "2023-03-19",
        "time": "20:37:43",
        "borrower_id": "P8618"
    },
    {
        "amount": 2189,
        "term": 4,
        "date": "2023-03-19",
        "time": "10:36:47",
        "borrower_id": "P8618"
    },
    {
        "amount": 8463,
        "term": 25,
        "date": "2023-03-17",
        "time": "00:24:36",
        "borrower_id": "L4307"
    },
    {
        "amount": 9792,
        "term": 29,
        "date": "2023-03-20",
        "time": "02:26:03",
        "borrower_id": "R9082"
    },
    {
        "amount": 3100,
        "term": 25,
        "date": "2023-03-17",
        "time": "02:55:11",
        "borrower_id": "F7449"
    },
    {
        "amount": 1115,
        "term": 15,
        "date": "2023-03-21",
        "time": "10:33:57",
        "borrower_id": "B3994"
    },
    {
        "amount": 1667,
        "term": 5,
        "date": "2023-03-16",
        "time": "00:39:47",
        "borrower_id": "W5767"
    },
    {
        "amount": 1092,
        "term": 9,
        "date": "2023-03-21",
        "time": "15:04:59",
        "borrower_id": "B3994"
    },
    {
        "amount": 1604,
        "term": 51,
        "date": "2023-03-19",
        "time": "02:17:56",
        "borrower_id": "S7948"
    },
    {
        "amount": 8578,
        "term": 43,
        "date": "2023-03-17",
        "time": "17:49:24",
        "borrower_id": "L2937"
    },
    {
        "amount": 4291,
        "term": 21,
        "date": "2023-03-18",
        "time": "21:22:56",
        "borrower_id": "R2108"
    },
    {
        "amount": 3328,
        "term": 22,
        "date": "2023-03-21",
        "time": "04:59:33",
        "borrower_id": "L6573"
    },
    {
        "amount": 8760,
        "term": 15,
        "date": "2023-03-16",
        "time": "19:23:45",
        "borrower_id": "W5767"
    },
    {
        "amount": 1000,
        "term": 6,
        "date": "2023-03-24",
        "time": "21:21:47",
        "borrower_id": "V1297"
    },
    {
        "amount": 3000,
        "term": 24,
        "date": "2023-03-24",
        "time": "21:22:44",
        "borrower_id": "V1297"
    },
    {
        "amount": 2000,
        "term": 12,
        "date": "2023-03-24",
        "time": "21:23:01",
        "borrower_id": "V1297"
    }
]