[{
    "borrower_id": "R9082",
    "first_name": "Kermy",
    "last_name": "Prendiville"
  }, {
    "borrower_id": "U1404",
    "first_name": "Rebeka",
    "last_name": "Kierans"
  }, {
    "borrower_id": "F7449",
    "first_name": "Idalina",
    "last_name": "Armor"
  }, {
    "borrower_id": "M9724",
    "first_name": "Kendal",
    "last_name": "Condit"
  }, {
    "borrower_id": "O9770",
    "first_name": "Niki",
    "last_name": "McCoy"
  }, {
    "borrower_id": "Z6887",
    "first_name": "Adrianna",
    "last_name": "Lillford"
  }, {
    "borrower_id": "R3109",
    "first_name": "Gelya",
    "last_name": "Jewster"
  }, {
    "borrower_id": "C0008",
    "first_name": "Basia",
    "last_name": "Kidds"
  }, {
    "borrower_id": "G0397",
    "first_name": "Man",
    "last_name": "Georgelin"
  }, {
    "borrower_id": "N9595",
    "first_name": "Granny",
    "last_name": "Sothcott"
  }, {
    "borrower_id": "Q3915",
    "first_name": "Dav",
    "last_name": "Lillistone"
  }, {
    "borrower_id": "V1086",
    "first_name": "Cherish",
    "last_name": "Pingston"
  }, {
    "borrower_id": "W2671",
    "first_name": "Florenza",
    "last_name": "Berrey"
  }, {
    "borrower_id": "P3471",
    "first_name": "Adolph",
    "last_name": "Bing"
  }, {
    "borrower_id": "V8103",
    "first_name": "Marcelo",
    "last_name": "Haighton"
  }, {
    "borrower_id": "L4307",
    "first_name": "Roanna",
    "last_name": "Papachristophorou"
  }, {
    "borrower_id": "I9221",
    "first_name": "Jeanie",
    "last_name": "Sleaford"
  }, {
    "borrower_id": "Z9662",
    "first_name": "Odo",
    "last_name": "Teaser"
  }, {
    "borrower_id": "W8583",
    "first_name": "Sybilla",
    "last_name": "Leif"
  }, {
    "borrower_id": "N2082",
    "first_name": "Lebbie",
    "last_name": "Swadden"
  }, {
    "borrower_id": "F8849",
    "first_name": "Clarita",
    "last_name": "De la Yglesias"
  }, {
    "borrower_id": "N8538",
    "first_name": "Eula",
    "last_name": "Kacheller"
  }, {
    "borrower_id": "R2108",
    "first_name": "Shea",
    "last_name": "Bloxland"
  }, {
    "borrower_id": "W2439",
    "first_name": "Anastasia",
    "last_name": "Andrieux"
  }, {
    "borrower_id": "B3994",
    "first_name": "Sidonia",
    "last_name": "Thomasen"
  }, {
    "borrower_id": "L4312",
    "first_name": "Harriot",
    "last_name": "Phillins"
  }, {
    "borrower_id": "O3453",
    "first_name": "Ennis",
    "last_name": "Skunes"
  }, {
    "borrower_id": "H0586",
    "first_name": "Chrisy",
    "last_name": "Macieja"
  }, {
    "borrower_id": "W3007",
    "first_name": "Goldina",
    "last_name": "Quince"
  }, {
    "borrower_id": "V3329",
    "first_name": "Jase",
    "last_name": "Lakenden"
  }, {
    "borrower_id": "J4848",
    "first_name": "Duane",
    "last_name": "Snashall"
  }, {
    "borrower_id": "L6573",
    "first_name": "Jessi",
    "last_name": "Cranmere"
  }, {
    "borrower_id": "J4077",
    "first_name": "Alexia",
    "last_name": "Titmarsh"
  }, {
    "borrower_id": "D9441",
    "first_name": "Standford",
    "last_name": "Avramovsky"
  }, {
    "borrower_id": "P8618",
    "first_name": "Giffie",
    "last_name": "Beer"
  }, {
    "borrower_id": "E9202",
    "first_name": "Cherice",
    "last_name": "Croisier"
  }, {
    "borrower_id": "Z1457",
    "first_name": "Aldis",
    "last_name": "Lamonby"
  }, {
    "borrower_id": "W5767",
    "first_name": "Gwenny",
    "last_name": "Seemmonds"
  }, {
    "borrower_id": "R5365",
    "first_name": "Burr",
    "last_name": "Ick"
  }, {
    "borrower_id": "Y2069",
    "first_name": "Scarlett",
    "last_name": "Itzcovichch"
  }, {
    "borrower_id": "J6526",
    "first_name": "Jane",
    "last_name": "Brands"
  }, {
    "borrower_id": "M7221",
    "first_name": "Ignace",
    "last_name": "Murphey"
  }, {
    "borrower_id": "L2937",
    "first_name": "Charyl",
    "last_name": "Godart"
  }, {
    "borrower_id": "E4161",
    "first_name": "Gardie",
    "last_name": "Rollinson"
  }, {
    "borrower_id": "Z4089",
    "first_name": "Maisey",
    "last_name": "Schultheiss"
  }, {
    "borrower_id": "B6965",
    "first_name": "Nissy",
    "last_name": "Hawick"
  }, {
    "borrower_id": "V1297",
    "first_name": "Rogerio",
    "last_name": "Scriver"
  }, {
    "borrower_id": "A6123",
    "first_name": "Gregorio",
    "last_name": "Shorthouse"
  }, {
    "borrower_id": "S7948",
    "first_name": "Rowland",
    "last_name": "Du Barry"
  }, {
    "borrower_id": "E7404",
    "first_name": "Carolyn",
    "last_name": "Feldmesser"
  }, {
    "borrower_id": "P1882",
    "first_name": "Alexander",
    "last_name": "von Neumann"
}]